"HITId","HITTypeId","Title","Description","Keywords","Reward","CreationTime","MaxAssignments","RequesterAnnotation","AssignmentDurationInSeconds","AutoApprovalDelayInSeconds","Expiration","NumberOfSimilarHITs","LifetimeInSeconds","AssignmentId","WorkerId","AssignmentStatus","AcceptTime","SubmitTime","AutoApprovalTime","ApprovalTime","RejectionTime","RequesterFeedback","WorkTimeInSeconds","LifetimeApprovalRate","Last30DaysApprovalRate","Last7DaysApprovalRate","Input.text","Answer.taskAnswers","Approve","Reject"
"3RBI0I35YLWKQBYL6GL3O2RWXGM3YD","3VRC340QZEJNJEMKYM94T5SHAM3UAG","Select ALL relevant aspects mentioned in the text","This is a multi-select task. Please read the instruction and select **ALL** relevant aspects mentioned in the text.","text, classification, summary, intent, review","$0.05","Thu Mar 11 12:21:10 PST 2021","3","BatchId:4364047;OriginalHitTemplateId:929448123;","10800","259200","Thu Mar 18 13:21:10 PDT 2021","","","3GU1KF0O4QUY7C8RKO9RIERI1YCPBZ","A2JJF5OFND2KL5","Submitted","Thu Mar 11 12:21:43 PST 2021","Thu Mar 11 13:39:31 PST 2021","Sun Mar 14 14:39:31 PDT 2021","","","","4668","0% (0/0)","0% (0/0)","0% (0/0)","The way material is presented and the cource pace is perfect. After lessons the topics are clear and there will be much more understanding why all those crypto libraries are built like they're built, and how to use them even in case the API is not elegant and is error prone. Can't wait until part II!","[{""category"":{""labels"":[""Difficulty"",""Workload"",""Usefulness"",""Course delivery""]}}]"
"3RBI0I35YLWKQBYL6GL3O2RWXGM3YD","3VRC340QZEJNJEMKYM94T5SHAM3UAG","Select ALL relevant aspects mentioned in the text","This is a multi-select task. Please read the instruction and select **ALL** relevant aspects mentioned in the text.","text, classification, summary, intent, review","$0.05","Thu Mar 11 12:21:10 PST 2021","3","BatchId:4364047;OriginalHitTemplateId:929448123;","10800","259200","Thu Mar 18 13:21:10 PDT 2021","","","3X1FV8S5J5K73DDYMMA4PH7X3Z5VG7","A1NRZ7O1TEJB1V","Submitted","Thu Mar 11 12:23:43 PST 2021","Thu Mar 11 12:28:16 PST 2021","Sun Mar 14 13:28:16 PDT 2021","","","","273","0% (0/0)","0% (0/0)","0% (0/0)","The way material is presented and the cource pace is perfect. After lessons the topics are clear and there will be much more understanding why all those crypto libraries are built like they're built, and how to use them even in case the API is not elegant and is error prone. Can't wait until part II!","[{""category"":{""labels"":[""Content"",""Workload""]}}]"
"3Z56AA6ELBTJTDWP6FVQ1AG9YXA6MW","3VRC340QZEJNJEMKYM94T5SHAM3UAG","Select ALL relevant aspects mentioned in the text","This is a multi-select task. Please read the instruction and select **ALL** relevant aspects mentioned in the text.","text, classification, summary, intent, review","$0.05","Thu Mar 11 12:21:10 PST 2021","3","BatchId:4364047;OriginalHitTemplateId:929448123;","10800","259200","Thu Mar 18 13:21:10 PDT 2021","","","3IAS3U3I0N92F57LIQYFM1JPQOL2BQ","A1NRZ7O1TEJB1V","Submitted","Thu Mar 11 12:22:48 PST 2021","Thu Mar 11 12:28:02 PST 2021","Sun Mar 14 13:28:02 PDT 2021","","","","314","0% (0/0)","0% (0/0)","0% (0/0)","Enjoyed thi coure which i articulated very well. Act a a good primer coure for omeone who want to purue further in Forenic accounting and fraud invetigation.","[{""category"":{""labels"":[""Course delivery"",""Usefulness""]}}]"
"3Z56AA6ELBTJTDWP6FVQ1AG9YXA6MW","3VRC340QZEJNJEMKYM94T5SHAM3UAG","Select ALL relevant aspects mentioned in the text","This is a multi-select task. Please read the instruction and select **ALL** relevant aspects mentioned in the text.","text, classification, summary, intent, review","$0.05","Thu Mar 11 12:21:10 PST 2021","3","BatchId:4364047;OriginalHitTemplateId:929448123;","10800","259200","Thu Mar 18 13:21:10 PDT 2021","","","3P1L2B7AD9ISZLI2W1L67HIX3O4OLG","AO2WNSGOXAX52","Submitted","Thu Mar 11 13:40:34 PST 2021","Thu Mar 11 13:41:16 PST 2021","Sun Mar 14 14:41:16 PDT 2021","","","","42","100% (11/11)","100% (11/11)","100% (11/11)","Enjoyed thi coure which i articulated very well. Act a a good primer coure for omeone who want to purue further in Forenic accounting and fraud invetigation.","[{""category"":{""labels"":[""Course delivery""]}}]"
"356ZPKYPVOARX0384EIA15UX2CDYPJ","3VRC340QZEJNJEMKYM94T5SHAM3UAG","Select ALL relevant aspects mentioned in the text","This is a multi-select task. Please read the instruction and select **ALL** relevant aspects mentioned in the text.","text, classification, summary, intent, review","$0.05","Thu Mar 11 12:21:10 PST 2021","3","BatchId:4364047;OriginalHitTemplateId:929448123;","10800","259200","Thu Mar 18 13:21:10 PDT 2021","","","3X4MXAO0BOHB7SMHS79CAN4ICINWRL","A2G44A4ZPWRPXU","Submitted","Thu Mar 11 13:02:17 PST 2021","Thu Mar 11 13:28:33 PST 2021","Sun Mar 14 14:28:33 PDT 2021","","","","1576","100% (8/8)","100% (8/8)","100% (8/8)","Excelente profesor y material de estudios! Gracias!","[{""category"":{""labels"":[]}}]"
"3421H3BMAHAGAOS21PLA5SFUK4N9J6","3VRC340QZEJNJEMKYM94T5SHAM3UAG","Select ALL relevant aspects mentioned in the text","This is a multi-select task. Please read the instruction and select **ALL** relevant aspects mentioned in the text.","text, classification, summary, intent, review","$0.05","Thu Mar 11 12:21:10 PST 2021","3","BatchId:4364047;OriginalHitTemplateId:929448123;","10800","259200","Thu Mar 18 13:21:10 PDT 2021","","","31QTRG6Q216UKK12UGNBQPPJM7UPYE","AO2WNSGOXAX52","Submitted","Thu Mar 11 12:22:47 PST 2021","Thu Mar 11 12:24:25 PST 2021","Sun Mar 14 13:24:25 PDT 2021","","","","98","100% (11/11)","100% (11/11)","100% (11/11)","how did it help to develop your action items to
develop your content marketing strategy? It really helps me to come up with creative headlines to
grab attention of the audience. Before I had troubles grab users' attention and
wondered why is my content not being viewed by many people? So, I started with
the customer persona and I have realized, I didn't have a clear audience. And
that really surprised me. When I had a clear goal of whom to deliver my
message, it was a game-changer. My blog views have increased by 8.4% after using the
strategy of content marketing. In the era of the internet, this course has
provided me tons of valuable information that is practical. I'm surprised that
the internet course can bring such fruitful lessons if one has a strong
dedication. What ideas did you gain from the course and will implement
it? ""Empathy map"" and ""Experience map""
is a key thing that I have learned in this lecture. And more importantly,
applying in a real-life situation boosted my competitive advantages. Realizing
how to write meaningful and fascinating stories is a mind-blowing experience.  What are you already doing well? Where do you need to
strengthen?  I love the fact that people all around the world give
constructive feedback on my project. People love my contents and stories behind
them and find them really interesting. It is a great feeling when I can be like
an artist and deliver the beauty of content to
the audience. However, I have missed delivering a clear ""call to
action"". I have learned that persuading people to take action is key
to the revenue stream. And it will be my ongoing mission to strengthen
this point. plus the
course helped me in understanding the numbers behind my audience's behavior
with the use of data and metrics from my Google Analytics account. My learning
objects were exceeded with this Strategy of Content Marketing course.","[{""category"":{""labels"":[""Content""]}}]"
"3TFJJUELTOII2Q1X6OP981ULOE4C23","3VRC340QZEJNJEMKYM94T5SHAM3UAG","Select ALL relevant aspects mentioned in the text","This is a multi-select task. Please read the instruction and select **ALL** relevant aspects mentioned in the text.","text, classification, summary, intent, review","$0.05","Thu Mar 11 12:21:10 PST 2021","3","BatchId:4364047;OriginalHitTemplateId:929448123;","10800","259200","Thu Mar 18 13:21:10 PDT 2021","","","3AZHRG4CUCDQG00UOAFVLUSY5ZQ30K","A2G44A4ZPWRPXU","Submitted","Thu Mar 11 12:41:00 PST 2021","Thu Mar 11 12:49:08 PST 2021","Sun Mar 14 13:49:08 PDT 2021","","","","488","100% (8/8)","100% (8/8)","100% (8/8)","This course is really interesting, especially for people that are into Business Management and Psychology. In my humble opinion, every human being is a decision maker in their everyday life and this course( in conjuction with other sciences) is a tool of paramount importance to make better and more effective decisions in the everyday life. I feel really happy to have had the opportunity to learn all that i have learned and become a better decision maker starting from..now!","[{""category"":{""labels"":[]}}]"
"3TFJJUELTOII2Q1X6OP981ULOE4C23","3VRC340QZEJNJEMKYM94T5SHAM3UAG","Select ALL relevant aspects mentioned in the text","This is a multi-select task. Please read the instruction and select **ALL** relevant aspects mentioned in the text.","text, classification, summary, intent, review","$0.05","Thu Mar 11 12:21:10 PST 2021","3","BatchId:4364047;OriginalHitTemplateId:929448123;","10800","259200","Thu Mar 18 13:21:10 PDT 2021","","","3B1NLC6UG7PUYTG20A15JPIFHB4PGG","AHXHM1PQTRWIQ","Submitted","Thu Mar 11 12:41:40 PST 2021","Thu Mar 11 12:44:40 PST 2021","Sun Mar 14 13:44:40 PDT 2021","","","","180","0% (0/0)","0% (0/0)","0% (0/0)","This course is really interesting, especially for people that are into Business Management and Psychology. In my humble opinion, every human being is a decision maker in their everyday life and this course( in conjuction with other sciences) is a tool of paramount importance to make better and more effective decisions in the everyday life. I feel really happy to have had the opportunity to learn all that i have learned and become a better decision maker starting from..now!","[{""category"":{""labels"":[""Usefulness"",""Content"",""Course delivery""]}}]"
"3TFJJUELTOII2Q1X6OP981ULOE4C23","3VRC340QZEJNJEMKYM94T5SHAM3UAG","Select ALL relevant aspects mentioned in the text","This is a multi-select task. Please read the instruction and select **ALL** relevant aspects mentioned in the text.","text, classification, summary, intent, review","$0.05","Thu Mar 11 12:21:10 PST 2021","3","BatchId:4364047;OriginalHitTemplateId:929448123;","10800","259200","Thu Mar 18 13:21:10 PDT 2021","","","3PW9OPU9PYD127PTGT5QGP6G4CU217","A24JKHC4HTY6CD","Submitted","Thu Mar 11 12:22:07 PST 2021","Thu Mar 11 12:45:39 PST 2021","Sun Mar 14 13:45:39 PDT 2021","","","","1412","100% (2/2)","100% (2/2)","100% (2/2)","This course is really interesting, especially for people that are into Business Management and Psychology. In my humble opinion, every human being is a decision maker in their everyday life and this course( in conjuction with other sciences) is a tool of paramount importance to make better and more effective decisions in the everyday life. I feel really happy to have had the opportunity to learn all that i have learned and become a better decision maker starting from..now!","[{""category"":{""labels"":[""Course delivery""]}}]"
"3J06WJ78IUDNYQ5ZLF4P0YFL6JCVVS","3VRC340QZEJNJEMKYM94T5SHAM3UAG","Select ALL relevant aspects mentioned in the text","This is a multi-select task. Please read the instruction and select **ALL** relevant aspects mentioned in the text.","text, classification, summary, intent, review","$0.05","Thu Mar 11 12:21:10 PST 2021","3","BatchId:4364047;OriginalHitTemplateId:929448123;","10800","259200","Thu Mar 18 13:21:10 PDT 2021","","","3BGYGHDBB5D8RS7PZX54L8GLWI822O","A1NRZ7O1TEJB1V","Submitted","Thu Mar 11 12:22:09 PST 2021","Thu Mar 11 12:26:25 PST 2021","Sun Mar 14 13:26:25 PDT 2021","","","","256","0% (0/0)","0% (0/0)","0% (0/0)","Thank you so much for providing us such a nice course to acquire the understanding the job market  of United State especially for a immigrate or new comer. I hope after doing this course , my confident has reformed to reduce gap between job market and my  KSA (knowledge, skill, and ability)","[{""category"":{""labels"":[""Difficulty"",""Course delivery""]}}]"
"3J06WJ78IUDNYQ5ZLF4P0YFL6JCVVS","3VRC340QZEJNJEMKYM94T5SHAM3UAG","Select ALL relevant aspects mentioned in the text","This is a multi-select task. Please read the instruction and select **ALL** relevant aspects mentioned in the text.","text, classification, summary, intent, review","$0.05","Thu Mar 11 12:21:10 PST 2021","3","BatchId:4364047;OriginalHitTemplateId:929448123;","10800","259200","Thu Mar 18 13:21:10 PDT 2021","","","3F0BG9B9MXG5EEX2YUTUQ3YYMDOY7G","AO2WNSGOXAX52","Submitted","Thu Mar 11 12:22:09 PST 2021","Thu Mar 11 12:23:50 PST 2021","Sun Mar 14 13:23:50 PDT 2021","","","","101","100% (11/11)","100% (11/11)","100% (11/11)","Thank you so much for providing us such a nice course to acquire the understanding the job market  of United State especially for a immigrate or new comer. I hope after doing this course , my confident has reformed to reduce gap between job market and my  KSA (knowledge, skill, and ability)","[{""category"":{""labels"":[""Content""]}}]"
"3J06WJ78IUDNYQ5ZLF4P0YFL6JCVVS","3VRC340QZEJNJEMKYM94T5SHAM3UAG","Select ALL relevant aspects mentioned in the text","This is a multi-select task. Please read the instruction and select **ALL** relevant aspects mentioned in the text.","text, classification, summary, intent, review","$0.05","Thu Mar 11 12:21:10 PST 2021","3","BatchId:4364047;OriginalHitTemplateId:929448123;","10800","259200","Thu Mar 18 13:21:10 PDT 2021","","","3TGOYF9915FQVGPT11PGXA65Y0BUUH","A26Z3YPJ8RYJQJ","Submitted","Thu Mar 11 12:22:13 PST 2021","Thu Mar 11 12:22:27 PST 2021","Sun Mar 14 13:22:27 PDT 2021","","","","14","100% (1/1)","100% (1/1)","100% (1/1)","Thank you so much for providing us such a nice course to acquire the understanding the job market  of United State especially for a immigrate or new comer. I hope after doing this course , my confident has reformed to reduce gap between job market and my  KSA (knowledge, skill, and ability)","[{""category"":{""labels"":[""Content"",""Usefulness""]}}]"
"3GV1I4SEPGIZNVE463UB1X1KYSK6LU","3VRC340QZEJNJEMKYM94T5SHAM3UAG","Select ALL relevant aspects mentioned in the text","This is a multi-select task. Please read the instruction and select **ALL** relevant aspects mentioned in the text.","text, classification, summary, intent, review","$0.05","Thu Mar 11 12:21:10 PST 2021","3","BatchId:4364047;OriginalHitTemplateId:929448123;","10800","259200","Thu Mar 18 13:21:10 PDT 2021","","","3ERET4BTVU2E8SWE9CQNVRATJO3K9J","A24JKHC4HTY6CD","Submitted","Thu Mar 11 12:22:14 PST 2021","Thu Mar 11 12:46:59 PST 2021","Sun Mar 14 13:46:59 PDT 2021","","","","1485","100% (2/2)","100% (2/2)","100% (2/2)","Excellent beginners course in Mandarin.  The teacher introduces new words using pinyin in each 3-4 minute lesson and the content is reviewed in a quiz.  The content is limited to reading and pronouncing pinyin words, which is perfectly acceptable to me since I'm supplementing this course with other in person classes.  I love the 4 minute classes 4 times per week, since I never felt like I'm so far behind the deadlines that I can't catch up.","[{""category"":{""labels"":[""Difficulty"",""Content""]}}]"
"3GV1I4SEPGIZNVE463UB1X1KYSK6LU","3VRC340QZEJNJEMKYM94T5SHAM3UAG","Select ALL relevant aspects mentioned in the text","This is a multi-select task. Please read the instruction and select **ALL** relevant aspects mentioned in the text.","text, classification, summary, intent, review","$0.05","Thu Mar 11 12:21:10 PST 2021","3","BatchId:4364047;OriginalHitTemplateId:929448123;","10800","259200","Thu Mar 18 13:21:10 PDT 2021","","","3QAPZX2QNC61VI4BKA1Q2KN6ZKO204","A1NRZ7O1TEJB1V","Submitted","Thu Mar 11 12:22:07 PST 2021","Thu Mar 11 12:25:34 PST 2021","Sun Mar 14 13:25:34 PDT 2021","","","","207","0% (0/0)","0% (0/0)","0% (0/0)","Excellent beginners course in Mandarin.  The teacher introduces new words using pinyin in each 3-4 minute lesson and the content is reviewed in a quiz.  The content is limited to reading and pronouncing pinyin words, which is perfectly acceptable to me since I'm supplementing this course with other in person classes.  I love the 4 minute classes 4 times per week, since I never felt like I'm so far behind the deadlines that I can't catch up.","[{""category"":{""labels"":[""Workload""]}}]"
"3GV1I4SEPGIZNVE463UB1X1KYSK6LU","3VRC340QZEJNJEMKYM94T5SHAM3UAG","Select ALL relevant aspects mentioned in the text","This is a multi-select task. Please read the instruction and select **ALL** relevant aspects mentioned in the text.","text, classification, summary, intent, review","$0.05","Thu Mar 11 12:21:10 PST 2021","3","BatchId:4364047;OriginalHitTemplateId:929448123;","10800","259200","Thu Mar 18 13:21:10 PDT 2021","","","3WEV0KO0OULOZ1M3Q14R89KTR3VSDP","AO2WNSGOXAX52","Submitted","Thu Mar 11 12:22:11 PST 2021","Thu Mar 11 12:24:09 PST 2021","Sun Mar 14 13:24:09 PDT 2021","","","","118","100% (11/11)","100% (11/11)","100% (11/11)","Excellent beginners course in Mandarin.  The teacher introduces new words using pinyin in each 3-4 minute lesson and the content is reviewed in a quiz.  The content is limited to reading and pronouncing pinyin words, which is perfectly acceptable to me since I'm supplementing this course with other in person classes.  I love the 4 minute classes 4 times per week, since I never felt like I'm so far behind the deadlines that I can't catch up.","[{""category"":{""labels"":[""Course delivery""]}}]"
"3D4BBDG70OP7N8XGAO3ERBZDUS4C3E","3VRC340QZEJNJEMKYM94T5SHAM3UAG","Select ALL relevant aspects mentioned in the text","This is a multi-select task. Please read the instruction and select **ALL** relevant aspects mentioned in the text.","text, classification, summary, intent, review","$0.05","Thu Mar 11 12:21:10 PST 2021","3","BatchId:4364047;OriginalHitTemplateId:929448123;","10800","259200","Thu Mar 18 13:21:10 PDT 2021","","","392CY0QWG9KM5R0ESE9K13K05S14IX","A1NRZ7O1TEJB1V","Submitted","Thu Mar 11 12:22:10 PST 2021","Thu Mar 11 12:26:42 PST 2021","Sun Mar 14 13:26:42 PDT 2021","","","","272","0% (0/0)","0% (0/0)","0% (0/0)","It was definitely a bad idea to take up this course as my first MooC I took seriously. Professor  J. ’s course was too well-structured, consistent and practical, and have raised my MooC expectations level so high, that now, being absolutely hungry with massive online education, I face certain difficulties in finding a course to keep to the same level. But I go on believing that it's possible. As for the practical application of the knowledge obtained - it’s too early to make conclusions, but having tried some techniques in reality, I find them very helpful. What’s also great: now, getting a bit deeper in some of the issues raised by the course, say, negotiator’s decision making psychology, I find out that what I see in 10 different sources, had already been covered by this only course. And the final practical task was a bit of mind-blowing for me. In a good sense. Thank you very much for the experience!","[{""category"":{""labels"":[""Usefulness"",""Workload"",""Content""]}}]"
"3D4BBDG70OP7N8XGAO3ERBZDUS4C3E","3VRC340QZEJNJEMKYM94T5SHAM3UAG","Select ALL relevant aspects mentioned in the text","This is a multi-select task. Please read the instruction and select **ALL** relevant aspects mentioned in the text.","text, classification, summary, intent, review","$0.05","Thu Mar 11 12:21:10 PST 2021","3","BatchId:4364047;OriginalHitTemplateId:929448123;","10800","259200","Thu Mar 18 13:21:10 PDT 2021","","","3MYYFCXHJB0890UJ2Q9HGR7KQF94G5","A2G44A4ZPWRPXU","Submitted","Thu Mar 11 12:22:05 PST 2021","Thu Mar 11 12:42:34 PST 2021","Sun Mar 14 13:42:34 PDT 2021","","","","1229","100% (8/8)","100% (8/8)","100% (8/8)","It was definitely a bad idea to take up this course as my first MooC I took seriously. Professor  J. ’s course was too well-structured, consistent and practical, and have raised my MooC expectations level so high, that now, being absolutely hungry with massive online education, I face certain difficulties in finding a course to keep to the same level. But I go on believing that it's possible. As for the practical application of the knowledge obtained - it’s too early to make conclusions, but having tried some techniques in reality, I find them very helpful. What’s also great: now, getting a bit deeper in some of the issues raised by the course, say, negotiator’s decision making psychology, I find out that what I see in 10 different sources, had already been covered by this only course. And the final practical task was a bit of mind-blowing for me. In a good sense. Thank you very much for the experience!","[{""category"":{""labels"":[""Difficulty""]}}]"
"3D4BBDG70OP7N8XGAO3ERBZDUS4C3E","3VRC340QZEJNJEMKYM94T5SHAM3UAG","Select ALL relevant aspects mentioned in the text","This is a multi-select task. Please read the instruction and select **ALL** relevant aspects mentioned in the text.","text, classification, summary, intent, review","$0.05","Thu Mar 11 12:21:10 PST 2021","3","BatchId:4364047;OriginalHitTemplateId:929448123;","10800","259200","Thu Mar 18 13:21:10 PDT 2021","","","3Z7VU45IP6AR8IS550E430GNPLT1ZE","A24JKHC4HTY6CD","Submitted","Thu Mar 11 12:22:04 PST 2021","Thu Mar 11 12:43:31 PST 2021","Sun Mar 14 13:43:31 PDT 2021","","","","1287","100% (2/2)","100% (2/2)","100% (2/2)","It was definitely a bad idea to take up this course as my first MooC I took seriously. Professor  J. ’s course was too well-structured, consistent and practical, and have raised my MooC expectations level so high, that now, being absolutely hungry with massive online education, I face certain difficulties in finding a course to keep to the same level. But I go on believing that it's possible. As for the practical application of the knowledge obtained - it’s too early to make conclusions, but having tried some techniques in reality, I find them very helpful. What’s also great: now, getting a bit deeper in some of the issues raised by the course, say, negotiator’s decision making psychology, I find out that what I see in 10 different sources, had already been covered by this only course. And the final practical task was a bit of mind-blowing for me. In a good sense. Thank you very much for the experience!","[{""category"":{""labels"":[""Workload""]}}]"
"3ZURAPD29FGIGH3BEMFWBO5JTLI1FM","3VRC340QZEJNJEMKYM94T5SHAM3UAG","Select ALL relevant aspects mentioned in the text","This is a multi-select task. Please read the instruction and select **ALL** relevant aspects mentioned in the text.","text, classification, summary, intent, review","$0.05","Thu Mar 11 12:21:10 PST 2021","3","BatchId:4364047;OriginalHitTemplateId:929448123;","10800","259200","Thu Mar 18 13:21:10 PDT 2021","","","3NPFYT4IZKXZ72ITM1BMD24IJBJXGK","A2G44A4ZPWRPXU","Submitted","Thu Mar 11 13:12:15 PST 2021","Thu Mar 11 13:29:08 PST 2021","Sun Mar 14 14:29:08 PDT 2021","","","","1013","100% (8/8)","100% (8/8)","100% (8/8)","The course seems to follow its own advice for using multisensory learning, for the most part. I was able to review quite a lot of the information because of its frequency throughout the course. Some quiz questions seem a little vague or semantic. I would like to be able to review the quizzes and add them to this feedback.","[{""category"":{""labels"":[""Difficulty""]}}]"
"3ZURAPD29FGIGH3BEMFWBO5JTLI1FM","3VRC340QZEJNJEMKYM94T5SHAM3UAG","Select ALL relevant aspects mentioned in the text","This is a multi-select task. Please read the instruction and select **ALL** relevant aspects mentioned in the text.","text, classification, summary, intent, review","$0.05","Thu Mar 11 12:21:10 PST 2021","3","BatchId:4364047;OriginalHitTemplateId:929448123;","10800","259200","Thu Mar 18 13:21:10 PDT 2021","","","3VBEN272MSSRBLWUSR5ZEUNQ4VBSGZ","AO2WNSGOXAX52","Submitted","Thu Mar 11 12:22:10 PST 2021","Thu Mar 11 12:23:58 PST 2021","Sun Mar 14 13:23:58 PDT 2021","","","","108","100% (11/11)","100% (11/11)","100% (11/11)","The course seems to follow its own advice for using multisensory learning, for the most part. I was able to review quite a lot of the information because of its frequency throughout the course. Some quiz questions seem a little vague or semantic. I would like to be able to review the quizzes and add them to this feedback.","[{""category"":{""labels"":[""Course delivery""]}}]"
"3ZURAPD29FGIGH3BEMFWBO5JTLI1FM","3VRC340QZEJNJEMKYM94T5SHAM3UAG","Select ALL relevant aspects mentioned in the text","This is a multi-select task. Please read the instruction and select **ALL** relevant aspects mentioned in the text.","text, classification, summary, intent, review","$0.05","Thu Mar 11 12:21:10 PST 2021","3","BatchId:4364047;OriginalHitTemplateId:929448123;","10800","259200","Thu Mar 18 13:21:10 PDT 2021","","","3ZDAD0O1T963C74Z61ATCLJ794LXTL","AHXHM1PQTRWIQ","Submitted","Thu Mar 11 12:27:19 PST 2021","Thu Mar 11 12:28:41 PST 2021","Sun Mar 14 13:28:41 PDT 2021","","","","82","0% (0/0)","0% (0/0)","0% (0/0)","The course seems to follow its own advice for using multisensory learning, for the most part. I was able to review quite a lot of the information because of its frequency throughout the course. Some quiz questions seem a little vague or semantic. I would like to be able to review the quizzes and add them to this feedback.","[{""category"":{""labels"":[""Content"",""Course delivery""]}}]"
"32W3UF2E0VES54GKA28X1GRJ8S0C4Z","3VRC340QZEJNJEMKYM94T5SHAM3UAG","Select ALL relevant aspects mentioned in the text","This is a multi-select task. Please read the instruction and select **ALL** relevant aspects mentioned in the text.","text, classification, summary, intent, review","$0.05","Thu Mar 11 12:21:10 PST 2021","3","BatchId:4364047;OriginalHitTemplateId:929448123;","10800","259200","Thu Mar 18 13:21:10 PDT 2021","","","30H4UDGLTABUQ3COBDZ0WU2CDXGPMO","A280UKMMBLRURU","Submitted","Thu Mar 11 12:22:14 PST 2021","Thu Mar 11 12:22:48 PST 2021","Sun Mar 14 13:22:48 PDT 2021","","","","34","0% (0/0)","0% (0/0)","0% (0/0)","Très intéressant. Bien les différents formats vidéos, lecture. J'ai apprécié avoir des spécialistes de chaque domaine. J'ai apprécié avoir la vidéo, le texte écrit et les vidéo complémentaires. Ma préférence va au vidéo de moins de 7 min.","[{""category"":{""labels"":[""Course delivery"",""Difficulty"",""Workload""]}}]"
"32W3UF2E0VES54GKA28X1GRJ8S0C4Z","3VRC340QZEJNJEMKYM94T5SHAM3UAG","Select ALL relevant aspects mentioned in the text","This is a multi-select task. Please read the instruction and select **ALL** relevant aspects mentioned in the text.","text, classification, summary, intent, review","$0.05","Thu Mar 11 12:21:10 PST 2021","3","BatchId:4364047;OriginalHitTemplateId:929448123;","10800","259200","Thu Mar 18 13:21:10 PDT 2021","","","3OS46CRSLNS56KOSA91IDQU89L36VH","AO2WNSGOXAX52","Submitted","Thu Mar 11 12:22:02 PST 2021","Thu Mar 11 12:22:58 PST 2021","Sun Mar 14 13:22:58 PDT 2021","","","","56","100% (11/11)","100% (11/11)","100% (11/11)","Très intéressant. Bien les différents formats vidéos, lecture. J'ai apprécié avoir des spécialistes de chaque domaine. J'ai apprécié avoir la vidéo, le texte écrit et les vidéo complémentaires. Ma préférence va au vidéo de moins de 7 min.","[{""category"":{""labels"":[""Course delivery""]}}]"
"32W3UF2E0VES54GKA28X1GRJ8S0C4Z","3VRC340QZEJNJEMKYM94T5SHAM3UAG","Select ALL relevant aspects mentioned in the text","This is a multi-select task. Please read the instruction and select **ALL** relevant aspects mentioned in the text.","text, classification, summary, intent, review","$0.05","Thu Mar 11 12:21:10 PST 2021","3","BatchId:4364047;OriginalHitTemplateId:929448123;","10800","259200","Thu Mar 18 13:21:10 PDT 2021","","","3QFUFYSY9682V0YOR63ZY678P094F6","A1NRZ7O1TEJB1V","Submitted","Thu Mar 11 12:22:04 PST 2021","Thu Mar 11 12:22:53 PST 2021","Sun Mar 14 13:22:53 PDT 2021","","","","49","0% (0/0)","0% (0/0)","0% (0/0)","Très intéressant. Bien les différents formats vidéos, lecture. J'ai apprécié avoir des spécialistes de chaque domaine. J'ai apprécié avoir la vidéo, le texte écrit et les vidéo complémentaires. Ma préférence va au vidéo de moins de 7 min.","[{""category"":{""labels"":[""Usefulness""]}}]"
"3PCPFX4U57J6XLNSZ15BCPDR1XAFQV","3VRC340QZEJNJEMKYM94T5SHAM3UAG","Select ALL relevant aspects mentioned in the text","This is a multi-select task. Please read the instruction and select **ALL** relevant aspects mentioned in the text.","text, classification, summary, intent, review","$0.05","Thu Mar 11 12:21:10 PST 2021","3","BatchId:4364047;OriginalHitTemplateId:929448123;","10800","259200","Thu Mar 18 13:21:10 PDT 2021","","","3BF51CHDT335A87T3V4XPOT8O360HK","AO2WNSGOXAX52","Submitted","Thu Mar 11 12:22:06 PST 2021","Thu Mar 11 12:23:29 PST 2021","Sun Mar 14 13:23:29 PDT 2021","","","","83","100% (11/11)","100% (11/11)","100% (11/11)","A thorough course that provides a comprehensive overview of the theory behind why some children struggle.  The course provides clear guidelines and examples of best practice for providing intervention that will support struggling students to develop the necessary skills to be able to read.  Highly recommended.","[{""category"":{""labels"":[""Difficulty""]}}]"
"3PCPFX4U57J6XLNSZ15BCPDR1XAFQV","3VRC340QZEJNJEMKYM94T5SHAM3UAG","Select ALL relevant aspects mentioned in the text","This is a multi-select task. Please read the instruction and select **ALL** relevant aspects mentioned in the text.","text, classification, summary, intent, review","$0.05","Thu Mar 11 12:21:10 PST 2021","3","BatchId:4364047;OriginalHitTemplateId:929448123;","10800","259200","Thu Mar 18 13:21:10 PDT 2021","","","3CP1TO84P1U0QPQCHG72JFJXGSZ25P","A1NRZ7O1TEJB1V","Submitted","Thu Mar 11 12:22:13 PST 2021","Thu Mar 11 12:27:30 PST 2021","Sun Mar 14 13:27:30 PDT 2021","","","","317","0% (0/0)","0% (0/0)","0% (0/0)","A thorough course that provides a comprehensive overview of the theory behind why some children struggle.  The course provides clear guidelines and examples of best practice for providing intervention that will support struggling students to develop the necessary skills to be able to read.  Highly recommended.","[{""category"":{""labels"":[""Workload"",""Course delivery""]}}]"
"3PCPFX4U57J6XLNSZ15BCPDR1XAFQV","3VRC340QZEJNJEMKYM94T5SHAM3UAG","Select ALL relevant aspects mentioned in the text","This is a multi-select task. Please read the instruction and select **ALL** relevant aspects mentioned in the text.","text, classification, summary, intent, review","$0.05","Thu Mar 11 12:21:10 PST 2021","3","BatchId:4364047;OriginalHitTemplateId:929448123;","10800","259200","Thu Mar 18 13:21:10 PDT 2021","","","3WR9XG3T6B4PG7JI9N5NAEURRCQ472","AMPMTF5IAAMK8","Submitted","Thu Mar 11 12:21:42 PST 2021","Thu Mar 11 12:53:37 PST 2021","Sun Mar 14 13:53:37 PDT 2021","","","","1915","0% (0/0)","0% (0/0)","0% (0/0)","A thorough course that provides a comprehensive overview of the theory behind why some children struggle.  The course provides clear guidelines and examples of best practice for providing intervention that will support struggling students to develop the necessary skills to be able to read.  Highly recommended.","[{""category"":{""labels"":[""Content"",""Usefulness""]}}]"
"39AYGO6AGMDPBVHPIGAQEP593NK6NW","3VRC340QZEJNJEMKYM94T5SHAM3UAG","Select ALL relevant aspects mentioned in the text","This is a multi-select task. Please read the instruction and select **ALL** relevant aspects mentioned in the text.","text, classification, summary, intent, review","$0.05","Thu Mar 11 12:21:10 PST 2021","3","BatchId:4364047;OriginalHitTemplateId:929448123;","10800","259200","Thu Mar 18 13:21:10 PDT 2021","","","39GHHAVOMNKI02KKAWUKD4Z0I7Q4J9","A1NRZ7O1TEJB1V","Submitted","Thu Mar 11 12:22:11 PST 2021","Thu Mar 11 12:26:51 PST 2021","Sun Mar 14 13:26:51 PDT 2021","","","","280","0% (0/0)","0% (0/0)","0% (0/0)","I would like to ay the coure i well delivered and deliver valuable inight into wind energy concept. I enjoyed and I am actually work toward building my own organization to erve my community in Zimbabwe","[{""category"":{""labels"":[""Course delivery"",""Usefulness""]}}]"
"39AYGO6AGMDPBVHPIGAQEP593NK6NW","3VRC340QZEJNJEMKYM94T5SHAM3UAG","Select ALL relevant aspects mentioned in the text","This is a multi-select task. Please read the instruction and select **ALL** relevant aspects mentioned in the text.","text, classification, summary, intent, review","$0.05","Thu Mar 11 12:21:10 PST 2021","3","BatchId:4364047;OriginalHitTemplateId:929448123;","10800","259200","Thu Mar 18 13:21:10 PDT 2021","","","3I2PTA7R31NK0RD0QE19HM0ITO9KQ7","A2BNQ8VAMP3ZYO","Submitted","Thu Mar 11 12:35:15 PST 2021","Thu Mar 11 13:17:16 PST 2021","Sun Mar 14 14:17:16 PDT 2021","","","","2521","100% (1/1)","100% (1/1)","100% (1/1)","I would like to ay the coure i well delivered and deliver valuable inight into wind energy concept. I enjoyed and I am actually work toward building my own organization to erve my community in Zimbabwe","[{""category"":{""labels"":[""Usefulness""]}}]"
"39AYGO6AGMDPBVHPIGAQEP593NK6NW","3VRC340QZEJNJEMKYM94T5SHAM3UAG","Select ALL relevant aspects mentioned in the text","This is a multi-select task. Please read the instruction and select **ALL** relevant aspects mentioned in the text.","text, classification, summary, intent, review","$0.05","Thu Mar 11 12:21:10 PST 2021","3","BatchId:4364047;OriginalHitTemplateId:929448123;","10800","259200","Thu Mar 18 13:21:10 PDT 2021","","","3YGXWBAF78AVSOEE04DYQ0M5SNH4CV","AO2WNSGOXAX52","Submitted","Thu Mar 11 12:29:28 PST 2021","Thu Mar 11 12:30:04 PST 2021","Sun Mar 14 13:30:04 PDT 2021","","","","36","100% (11/11)","100% (11/11)","100% (11/11)","I would like to ay the coure i well delivered and deliver valuable inight into wind energy concept. I enjoyed and I am actually work toward building my own organization to erve my community in Zimbabwe","[{""category"":{""labels"":[""Difficulty""]}}]"
"336OE47KJ9D0DF54BP9LM0YZDSEVW2","3VRC340QZEJNJEMKYM94T5SHAM3UAG","Select ALL relevant aspects mentioned in the text","This is a multi-select task. Please read the instruction and select **ALL** relevant aspects mentioned in the text.","text, classification, summary, intent, review","$0.05","Thu Mar 11 12:21:10 PST 2021","3","BatchId:4364047;OriginalHitTemplateId:929448123;","10800","259200","Thu Mar 18 13:21:10 PDT 2021","","","3EJPLAJKEU9MF4T2B6QLYW74XW96ZH","A24JKHC4HTY6CD","Submitted","Thu Mar 11 12:22:07 PST 2021","Thu Mar 11 12:45:28 PST 2021","Sun Mar 14 13:45:28 PDT 2021","","","","1401","100% (2/2)","100% (2/2)","100% (2/2)","Un curso con excelente contenido tanto visual y articulos cientificos muy interesantes.. tanto fue el impacto a nivel personal que me motivo a optar en el corto plazo en un master en Neuromarketing..","[{""category"":{""labels"":[]}}]"
"336OE47KJ9D0DF54BP9LM0YZDSEVW2","3VRC340QZEJNJEMKYM94T5SHAM3UAG","Select ALL relevant aspects mentioned in the text","This is a multi-select task. Please read the instruction and select **ALL** relevant aspects mentioned in the text.","text, classification, summary, intent, review","$0.05","Thu Mar 11 12:21:10 PST 2021","3","BatchId:4364047;OriginalHitTemplateId:929448123;","10800","259200","Thu Mar 18 13:21:10 PDT 2021","","","3KXIR214IC9IU6MC3BOSENDJGW424K","A1NRZ7O1TEJB1V","Submitted","Thu Mar 11 12:22:13 PST 2021","Thu Mar 11 12:27:45 PST 2021","Sun Mar 14 13:27:45 PDT 2021","","","","332","0% (0/0)","0% (0/0)","0% (0/0)","Un curso con excelente contenido tanto visual y articulos cientificos muy interesantes.. tanto fue el impacto a nivel personal que me motivo a optar en el corto plazo en un master en Neuromarketing..","[{""category"":{""labels"":[""Content"",""Usefulness""]}}]"
"336OE47KJ9D0DF54BP9LM0YZDSEVW2","3VRC340QZEJNJEMKYM94T5SHAM3UAG","Select ALL relevant aspects mentioned in the text","This is a multi-select task. Please read the instruction and select **ALL** relevant aspects mentioned in the text.","text, classification, summary, intent, review","$0.05","Thu Mar 11 12:21:10 PST 2021","3","BatchId:4364047;OriginalHitTemplateId:929448123;","10800","259200","Thu Mar 18 13:21:10 PDT 2021","","","3RKNTXVS3UR7Z9HGGQH7K5WHSKW4AT","A2M17UGPFZWXQW","Submitted","Thu Mar 11 12:21:58 PST 2021","Thu Mar 11 12:22:34 PST 2021","Sun Mar 14 13:22:34 PDT 2021","","","","36","100% (1/1)","100% (1/1)","100% (1/1)","Un curso con excelente contenido tanto visual y articulos cientificos muy interesantes.. tanto fue el impacto a nivel personal que me motivo a optar en el corto plazo en un master en Neuromarketing..","[{""category"":{""labels"":[""Workload""]}}]"
"3VDVA3ILJK8OUHZ6P6LET95VU0I1GL","3VRC340QZEJNJEMKYM94T5SHAM3UAG","Select ALL relevant aspects mentioned in the text","This is a multi-select task. Please read the instruction and select **ALL** relevant aspects mentioned in the text.","text, classification, summary, intent, review","$0.05","Thu Mar 11 12:21:10 PST 2021","3","BatchId:4364047;OriginalHitTemplateId:929448123;","10800","259200","Thu Mar 18 13:21:10 PDT 2021","","","3BV8HQ2ZZ4ULEWLUZEAMH3GVOC4A6O","AHXHM1PQTRWIQ","Submitted","Thu Mar 11 12:42:09 PST 2021","Thu Mar 11 12:45:53 PST 2021","Sun Mar 14 13:45:53 PDT 2021","","","","224","0% (0/0)","0% (0/0)","0% (0/0)","This course was perfect for me as I hadn't taken calculus since 1970 as an undergrad. I needed the algebra and trigonometry tune-up that is provided at the beginning, and thereafter the material flowed beautifully. Thanks to Professor  for his relaxed yet rigorous style. He incorporates just what I wanted, an appreciation of mathematics as an art. Bravo Professor! Michael Leahy, Chicago, Illinois USA","[{""category"":{""labels"":[""Course delivery"",""Content"",""Usefulness""]}}]"
"3VDVA3ILJK8OUHZ6P6LET95VU0I1GL","3VRC340QZEJNJEMKYM94T5SHAM3UAG","Select ALL relevant aspects mentioned in the text","This is a multi-select task. Please read the instruction and select **ALL** relevant aspects mentioned in the text.","text, classification, summary, intent, review","$0.05","Thu Mar 11 12:21:10 PST 2021","3","BatchId:4364047;OriginalHitTemplateId:929448123;","10800","259200","Thu Mar 18 13:21:10 PDT 2021","","","3LRLIPTPEY2SDB6J1I4NRMLDP6LKAY","AO2WNSGOXAX52","Submitted","Thu Mar 11 12:22:12 PST 2021","Thu Mar 11 12:24:16 PST 2021","Sun Mar 14 13:24:16 PDT 2021","","","","124","100% (11/11)","100% (11/11)","100% (11/11)","This course was perfect for me as I hadn't taken calculus since 1970 as an undergrad. I needed the algebra and trigonometry tune-up that is provided at the beginning, and thereafter the material flowed beautifully. Thanks to Professor  for his relaxed yet rigorous style. He incorporates just what I wanted, an appreciation of mathematics as an art. Bravo Professor! Michael Leahy, Chicago, Illinois USA","[{""category"":{""labels"":[""Workload""]}}]"
"3VDVA3ILJK8OUHZ6P6LET95VU0I1GL","3VRC340QZEJNJEMKYM94T5SHAM3UAG","Select ALL relevant aspects mentioned in the text","This is a multi-select task. Please read the instruction and select **ALL** relevant aspects mentioned in the text.","text, classification, summary, intent, review","$0.05","Thu Mar 11 12:21:10 PST 2021","3","BatchId:4364047;OriginalHitTemplateId:929448123;","10800","259200","Thu Mar 18 13:21:10 PDT 2021","","","3TY7ZAOG5NDWCY819G7U2G90GKA0KO","A24JKHC4HTY6CD","Submitted","Thu Mar 11 12:22:11 PST 2021","Thu Mar 11 12:47:59 PST 2021","Sun Mar 14 13:47:59 PDT 2021","","","","1548","100% (2/2)","100% (2/2)","100% (2/2)","This course was perfect for me as I hadn't taken calculus since 1970 as an undergrad. I needed the algebra and trigonometry tune-up that is provided at the beginning, and thereafter the material flowed beautifully. Thanks to Professor  for his relaxed yet rigorous style. He incorporates just what I wanted, an appreciation of mathematics as an art. Bravo Professor! Michael Leahy, Chicago, Illinois USA","[{""category"":{""labels"":[""Course delivery""]}}]"
"3LCXHSGDM0ZQ4N29WUAAP77S7KGES1","3VRC340QZEJNJEMKYM94T5SHAM3UAG","Select ALL relevant aspects mentioned in the text","This is a multi-select task. Please read the instruction and select **ALL** relevant aspects mentioned in the text.","text, classification, summary, intent, review","$0.05","Thu Mar 11 12:21:10 PST 2021","3","BatchId:4364047;OriginalHitTemplateId:929448123;","10800","259200","Thu Mar 18 13:21:10 PDT 2021","","","32EYX73OY82YFOXCX7UBSZJLR17URD","A24JKHC4HTY6CD","Submitted","Thu Mar 11 12:22:00 PST 2021","Thu Mar 11 12:43:19 PST 2021","Sun Mar 14 13:43:19 PDT 2021","","","","1279","100% (2/2)","100% (2/2)","100% (2/2)","Excellent course, very well conducted by the lecturer. Comprehensive and in-depth presentation of the six main topics. Multiple media and sources utilized ( Slide downloads, alumni interviews, additional reading/viewing material etc.). Thank you for the course :-)","[{""category"":{""labels"":[""Course delivery""]}}]"
"3LCXHSGDM0ZQ4N29WUAAP77S7KGES1","3VRC340QZEJNJEMKYM94T5SHAM3UAG","Select ALL relevant aspects mentioned in the text","This is a multi-select task. Please read the instruction and select **ALL** relevant aspects mentioned in the text.","text, classification, summary, intent, review","$0.05","Thu Mar 11 12:21:10 PST 2021","3","BatchId:4364047;OriginalHitTemplateId:929448123;","10800","259200","Thu Mar 18 13:21:10 PDT 2021","","","37UEWGM5H11I6R6EVJKRHXEOG4A1RL","A3P57IUDHUKNCE","Submitted","Thu Mar 11 12:21:43 PST 2021","Thu Mar 11 12:24:59 PST 2021","Sun Mar 14 13:24:59 PDT 2021","","","","196","0% (0/0)","0% (0/0)","0% (0/0)","Excellent course, very well conducted by the lecturer. Comprehensive and in-depth presentation of the six main topics. Multiple media and sources utilized ( Slide downloads, alumni interviews, additional reading/viewing material etc.). Thank you for the course :-)","[{""category"":{""labels"":[""Content"",""Course delivery"",""Workload""]}}]"
"3LCXHSGDM0ZQ4N29WUAAP77S7KGES1","3VRC340QZEJNJEMKYM94T5SHAM3UAG","Select ALL relevant aspects mentioned in the text","This is a multi-select task. Please read the instruction and select **ALL** relevant aspects mentioned in the text.","text, classification, summary, intent, review","$0.05","Thu Mar 11 12:21:10 PST 2021","3","BatchId:4364047;OriginalHitTemplateId:929448123;","10800","259200","Thu Mar 18 13:21:10 PDT 2021","","","3HRMW88U1EJR2M84USKAHT145P50MT","A1NRZ7O1TEJB1V","Submitted","Thu Mar 11 12:22:12 PST 2021","Thu Mar 11 12:27:11 PST 2021","Sun Mar 14 13:27:11 PDT 2021","","","","299","0% (0/0)","0% (0/0)","0% (0/0)","Excellent course, very well conducted by the lecturer. Comprehensive and in-depth presentation of the six main topics. Multiple media and sources utilized ( Slide downloads, alumni interviews, additional reading/viewing material etc.). Thank you for the course :-)","[{""category"":{""labels"":[""Workload"",""Course delivery""]}}]"
"3E24UO25R6J7TGH1JVA3TE5ETXP6OB","3VRC340QZEJNJEMKYM94T5SHAM3UAG","Select ALL relevant aspects mentioned in the text","This is a multi-select task. Please read the instruction and select **ALL** relevant aspects mentioned in the text.","text, classification, summary, intent, review","$0.05","Thu Mar 11 12:21:10 PST 2021","3","BatchId:4364047;OriginalHitTemplateId:929448123;","10800","259200","Thu Mar 18 13:21:10 PDT 2021","","","3OVHNO1VEEUL0D8HLTYZ42HWEJ1DZN","A2JM1IVEZCXX3U","Submitted","Thu Mar 11 13:05:03 PST 2021","Thu Mar 11 13:05:49 PST 2021","Sun Mar 14 14:05:49 PDT 2021","","","","46","0% (0/0)","0% (0/0)","0% (0/0)","Es un curso muy bien orientado, y el método de enseñanza es excelente. El profesor te enseña a pensar más allá, lo recomiendo para todos los niveles.","[{""category"":{""labels"":[""Course delivery"",""Usefulness""]}}]"
"3E24UO25R6J7TGH1JVA3TE5ETXP6OB","3VRC340QZEJNJEMKYM94T5SHAM3UAG","Select ALL relevant aspects mentioned in the text","This is a multi-select task. Please read the instruction and select **ALL** relevant aspects mentioned in the text.","text, classification, summary, intent, review","$0.05","Thu Mar 11 12:21:10 PST 2021","3","BatchId:4364047;OriginalHitTemplateId:929448123;","10800","259200","Thu Mar 18 13:21:10 PDT 2021","","","3QY7M81QHFFAU98LUFS3HVJNOYFK77","AO2WNSGOXAX52","Submitted","Thu Mar 11 12:22:07 PST 2021","Thu Mar 11 12:23:38 PST 2021","Sun Mar 14 13:23:38 PDT 2021","","","","91","100% (11/11)","100% (11/11)","100% (11/11)","Es un curso muy bien orientado, y el método de enseñanza es excelente. El profesor te enseña a pensar más allá, lo recomiendo para todos los niveles.","[{""category"":{""labels"":[""Content""]}}]"
"3E24UO25R6J7TGH1JVA3TE5ETXP6OB","3VRC340QZEJNJEMKYM94T5SHAM3UAG","Select ALL relevant aspects mentioned in the text","This is a multi-select task. Please read the instruction and select **ALL** relevant aspects mentioned in the text.","text, classification, summary, intent, review","$0.05","Thu Mar 11 12:21:10 PST 2021","3","BatchId:4364047;OriginalHitTemplateId:929448123;","10800","259200","Thu Mar 18 13:21:10 PDT 2021","","","3YGXWBAF78AVSOEE04DYQ0M5SOLC49","A2G44A4ZPWRPXU","Submitted","Thu Mar 11 13:00:40 PST 2021","Thu Mar 11 13:28:18 PST 2021","Sun Mar 14 14:28:18 PDT 2021","","","","1658","100% (8/8)","100% (8/8)","100% (8/8)","Es un curso muy bien orientado, y el método de enseñanza es excelente. El profesor te enseña a pensar más allá, lo recomiendo para todos los niveles.","[{""category"":{""labels"":[]}}]"